word,freq
디스플레이,18.175
기능,17.4
문제,16.025
자동차,15.825
시스템,15.675
기술,15.6
네비게이션,15.575
작업,14.025
정보,13.9
헤드,13.25
순정,13.025
제품,12.9
운전,12.55
배선,12.275
주행,11.75
모델,10.925
때문,10.15
경우,9.8
매립,9.675
장착,9.55
카메라,9.25
화면,9.1
수정,9.075
운전자,9.05
내비게이션,8.8
부분,8.8
디자인,8.65
모드,8.4
자동,8.025
옵션,8.0
유리,7.875
가격,7.35
아이,7.25
가지,7.2
상태,7.1
시공,7.075
엔진,6.8
시간,6.8
다른,6.5
정도,6.45
오디오,6.4
모든,6.275
사용,6.225
위해,6.2
사진,6.175
통해,6.125
모습,6.075
후방,6.05
속도,6.025
스마트폰,6.025
안전,6.0
선택,5.975
또한,5.925
클래스,5.875
이제,5.825
이미지,5.725
버튼,5.65
기존,5.65
성능,5.65
방식,5.6
스마트,5.6
연동,5.575
가장,5.5
아우디,5.45
센서,5.45
머큐리,5.425
시트,5.375
개발,5.35
벤츠,5.3
지원,5.275
하나,5.25
제어,5.225
설정,5.175
표시,5.15
대한,5.125
기본,5.125
변경,5.0
전면,4.95
시리즈,4.925
장치,4.925
탑재,4.85
위치,4.75
바로,4.725
출시,4.725
이번,4.7
효과,4.625
실내,4.575
업데이트,4.55
생각,4.45
시장,4.45
거리,4.425
추가,4.375
인치,4.275
게임,4.275
상황,4.25
정말,4.225
고정,4.225
방향,4.225
느낌,4.125
이상,4.125
조절,4.1
물론,4.075
신형,4.05
만원,4.0
영상,3.975
세대,3.925
공간,3.9
센터,3.825
방법,3.775
역시,3.775
터치,3.775
전방,3.75
조작,3.725
보기,3.675
제네시스,3.6
작동,3.575
조금,3.575
모두,3.575
썬팅,3.525
라인,3.475
오늘,3.475
확인,3.475
현대,3.45
에서,3.45
적용,3.325
지도,3.325
설치,3.325
지금,3.3
우리,3.3
사람,3.275
포스팅,3.225
현재,3.225
실제,3.225
마감,3.225
더욱,3.175
최대,3.175
다시,3.175
도로,3.15
체인지,3.125
기기,3.1
세단,3.1
미국,3.1
데이터,3.075
도어,3.075
보행자,3.05
일반,3.05
계기,3.05
통신,3.025
처리,3.025
필름,3.0
고객,2.975
평가,2.975
고급,2.975
너무,2.95
변화,2.95
아래,2.95
모니터,2.95
멀티,2.9
인터페이스,2.875
수입,2.825
충돌,2.825
연비,2.8
트렁크,2.775
전자,2.775
램프,2.75
컨트롤,2.725
다음,2.725
실험,2.725
내용,2.7
배터리,2.7
출고,2.675
사용자,2.675
처음,2.65
오류,2.65
크기,2.65
아주,2.625
결과,2.625
교체,2.625
한번,2.6
직접,2.6
버그,2.6
전용,2.6
차선,2.6
효율,2.575
요즘,2.575
좌석,2.55
서비스,2.55
국내,2.525
사이드,2.525
출력,2.525
완료,2.525
연결,2.525
크게,2.525
사업,2.5
산업,2.5
장점,2.5
먼저,2.5
주차,2.475
사고,2.475
아직,2.45
소리,2.45
플레이어,2.425
블랙박스,2.425
업그레이드,2.425
장비,2.425
서버,2.425
보조,2.4
사실,2.4
대해,2.4
형태,2.4
비용,2.4
설계,2.4
시야,2.375
중고차,2.35
그대로,2.35
마력,2.35
시동,2.325
차체,2.325
연료,2.3
현상,2.3
전문,2.3
박스,2.275
기반,2.275
교환,2.275
브랜드,2.275
일부,2.275
관련,2.275
리스,2.25
최고,2.25
비교,2.225
개인,2.225
향상,2.225
동시,2.225
스포츠,2.2
에어백,2.2
에쿠스,2.2
편의,2.2
재생,2.2
신차,2.2
프리미엄,2.175
전체,2.175
부동산,2.175
필요,2.15
운행,2.15
충전,2.15
여기,2.15
과제,2.15
모듈,2.15
여러,2.15
하이브리드,2.125
미러,2.125
환경,2.1
업체,2.1
구현,2.1
최근,2.1
차이,2.1
특성,2.1
소재,2.075
드라이브,2.075
문의,2.075
거의,2.075
실행,2.075
사양,2.05
매우,2.05
불량,2.05
드라이빙,2.05
이전,2.025
설명,2.025
내부,2.025
안정,2.0
기계,2.0
주택,2.0
대부분,2.0
녀석,1.975
안테나,1.975
이유,1.975
증강현실,1.975
아슬란,1.975
파워,1.95
구성,1.95
최초,1.95
패치,1.95
구조,1.95
소음,1.95
트립,1.95
예정,1.95
아이나비,1.95
에너지,1.925
핸들,1.925
제공,1.925
트림,1.925
동영상,1.9
패키지,1.9
브레이크,1.9
조정,1.9
국산,1.9
인식,1.9
미러링,1.9
컬러,1.875
버전,1.875
집중,1.875
경보,1.875
분석,1.85
전혀,1.85
보고,1.85
그냥,1.85
일단,1.85
색상,1.825
안쪽,1.825
기어,1.825
우선,1.825
외관,1.825
사항,1.8
현실,1.8
음성,1.8
야간,1.8
최신,1.775
시선,1.775
시아,1.775
시인,1.775
구동,1.775
이후,1.775
전화,1.775
경고,1.775
각종,1.75
테스트,1.75
스티,1.75
전원,1.75
블루투스,1.75
세계,1.75
무선,1.75
구매,1.75
허드,1.75
공개,1.75
안내,1.75
특징,1.75
사이,1.725
전환,1.725
구입,1.725
연구,1.725
파일,1.725
검색,1.725
미니,1.725
삼성,1.725
중국,1.725
진행,1.7
수신,1.7
거치,1.7
토크,1.7
전기,1.7
디젤,1.7
주변,1.7
대출,1.675
고속,1.675
본체,1.675
외부,1.675
보이,1.675
단계,1.675
스피커,1.675
과정,1.675
감지,1.65
이름,1.65
부품,1.65
수도,1.65
유저,1.65
어플,1.65
측면,1.65
럭셔리,1.625
그래픽,1.625
가능,1.625
에디,1.625
에어,1.625
패널,1.625
가솔린,1.625
케이블,1.625
카드,1.6
중앙,1.6
아이템,1.6
이용,1.6
동작,1.6
구글,1.6
레이,1.6
부착,1.6
배치,1.575
저희,1.575
이기,1.575
전투기,1.575
인지,1.575
전력,1.575
요소,1.575
자리,1.575
방지,1.575
제대로,1.55
정리,1.55
마치,1.55
리어,1.55
까지,1.55
스텀,1.55
내장,1.525
제작,1.525
리터,1.525
별도,1.525
위험,1.525
자료,1.525
한국,1.5
무료,1.5
토지,1.5
조사,1.5
발전,1.5
어디,1.5
음악,1.5
인스톨,1.5
휴대폰,1.5
마음,1.475
주시,1.475
기준,1.475
루프,1.475
이야기,1.475
무기,1.475
터보,1.475
승기,1.475
레이더,1.475
커버,1.475
보시,1.475
컴퓨터,1.475
스타일,1.45
디지털,1.45
동안,1.45
미래,1.45
도움,1.45
따라서,1.425
서스펜션,1.425
조명,1.425
메뉴,1.425
플레이,1.425
보호,1.425
링크,1.425
오토,1.425
어링,1.4
헬멧,1.4
입력,1.4
분야,1.4
이동,1.4
반사,1.4
엔카,1.4
개선,1.4
절대,1.4
안경,1.4
도쿄,1.4
화질,1.4
원격,1.4
회사,1.375
체크,1.375
교통,1.375
레이저,1.375
단점,1.375
하단,1.375
제거,1.375
저렴,1.375
엣지,1.375
융합,1.35
목표,1.35
대표,1.35
실시간,1.35
언제,1.35
소비자,1.35
포트,1.35
상품,1.35
프로그램,1.35
드라이버,1.35
확보,1.325
다만,1.325
소개,1.325
경험,1.325
수준,1.325
안전성,1.325
기아,1.325
신호,1.325
내비,1.325
차단,1.3
조건,1.3
볼보,1.3
사운드,1.3
준비,1.3
필러,1.3
가속,1.3
렌트,1.3
물건,1.3
온도,1.3
그릴,1.275
단자,1.275
고장,1.275
현대차,1.275
임야,1.275
달리,1.275
서산시,1.275
지역,1.275
만큼,1.275
독일,1.275
